0,10,vision
1,13,computer
2,10,natural
3,205,language
4,40,half
5,3,century
6,6,difficulty
7,13,components
8,48,standard
9,8,wisdom
10,409,levels
11,17,local
12,209,levels
13,11,levels
14,20,interpretation
15,27,con
16,32,models
17,14,text
18,3,cohesion
19,12,composition
20,12,world
21,7,computer
22,2,local
23,203,components
24,403,words
25,204,words
26,4,words
27,408,component
28,404,basic
29,15,meaning
30,403,units
31,202,or
32,12,sound
33,404,units
34,8,landmark
35,11,progress
36,13,disciplines
37,16,possible
38,220,measures
39,408,language
40,5,text
41,7,comprehension
42,9,go
43,22,surface
44,8,components
45,201,disciplines
46,201,linguistics
47,103,allen
48,103,martin
49,1,moore
50,3,corpus
51,4,linguistics
52,3,information
53,10,extraction
54,6,retrieval
55,7,fur
56,8,burger
57,2,al
58,21,course
59,7,consequence
60,11,advances
61,20,research
62,5,language
63,9,technologies
64,12,can
65,3,go
66,402,distance
67,208,levels
68,406,text
69,209,language
70,8,level
71,8,language
72,4,analysis
73,2,presents
74,3,par
75,3,challenges
76,1,coherence
77,53,or
78,26,co
79,1,mitchell
80,27,e
81,2,w
82,8,purpose
83,6,clarity
84,15,make
85,6,distinction
86,401,cohesion
87,203,coherence
88,2,cohesion
89,201,characteristic
90,402,text
91,15,co
92,204,characteristic
93,204,readers
94,205,text
95,404,content
96,2,cohesion
97,9,objective
98,7,property
99,601,language
100,306,text
101,7,words
102,55,phrases
103,13,or
104,3,sentences
105,214,guide
106,200,reader
107,602,ideas
108,205,text
109,604,ideas
110,604,ideas
111,406,ideas
112,212,level
113,609,units
114,205,topics
115,204,themes
116,14,cue
117,257,reader
118,16,form
119,64,rep
120,2,coherence
121,80,mind
122,407,reader
123,4,skills
124,220,reader
125,11,situation
126,23,reader
127,117,world
128,218,subject
129,207,matter
130,7,discourse
131,216,cues
132,612,reader
133,220,form
134,24,representation
135,405,text
136,416,reader
137,206,text
138,4,ex
139,4,tent
140,402,ideas
141,204,text
142,209,hang
143,16,manner
144,404,coherence
145,204,product
146,402,processes
147,604,coherence
148,403,cohesion
149,12,focus
150,403,coherence
151,204,cohesion
152,6,arena
153,8,science
154,9,first
155,2,coherence
156,15,one
157,8,theory
158,11,discourse
159,3,comprehension
160,27,pro
161,26,singer
162,11,accord
163,16,assumption
164,226,readers
165,56,attempt
166,29,con
167,209,meanings
168,24,connections
169,203,text
170,34,constituents
171,2,text
172,16,significance
173,205,assumption
174,2,theory
175,402,coherence
176,210,cohesion
177,27,second
178,21,colleagues
179,11,interactions
180,4,cohesion
181,20,world
182,10,edge
183,15,students
184,17,use
185,36,models
186,201,science
187,202,texts
188,8,al
189,5,w
190,229,readers
191,2,science
192,2,do
193,8,main
194,205,texts
195,31,better
196,202,cohesion
197,7,readers
198,2,science
199,7,can
200,5,benefit
201,202,cohesion
202,208,gaps
203,3,cohesion
204,12,gaps
205,210,reader
206,205,make
207,19,world
208,7,or
209,5,information
210,213,reader
211,211,makes
212,211,connections
213,402,ideas
214,14,text
215,412,process
216,7,results
217,17,representation
218,2,cohesion
219,14,gaps
220,6,can
221,14,readers
222,18,fords
223,10,making
224,5,results
225,4,highlight
226,4,importance
227,18,down
228,3,discourse
229,10,features
230,4,cohesion
231,13,better
232,4,understanding
233,35,prop
234,211,world
235,28,third
236,14,interest
237,16,con
238,214,junctions
239,213,connectives
240,404,discourse
241,7,markers
242,4,classes
243,228,constituents
244,4,text
245,4,discourse
246,53,burger
247,3,al
248,2,mitchell
249,12,interest
250,202,cohesion
251,6,coherence
252,10,side
253,3,readability
254,12,formulas
255,12,major
256,9,influence
257,8,industry
258,20,selection
259,6,texts
260,11,grades
261,9,k
262,2,college
263,13,formulas
264,8,use
265,6,word
266,204,length
267,6,sentence
268,3,length
269,3,two
270,1,simple
271,3,readability
272,11,formulas
273,212,language
274,204,discourse
275,5,components
276,7,influence
277,2,comprehension
278,6,i
279,401,texts
280,17,no
281,2,doubt
282,407,words
283,11,sentences
284,407,words
285,206,language
286,4,s
287,30,law
288,17,words
289,20,take
290,406,time
291,16,access
292,25,reading
293,12,sentences
294,16,place
295,7,demands
296,8,memory
297,2,al
298,206,do
299,10,word
300,7,parameters
301,4,readability
302,12,formulas
303,7,degree
304,4,validity
305,11,regression
306,9,equations
307,206,will
308,21,go
309,7,distance
310,13,text
311,13,difficulty
312,201,will
313,428,end
314,601,being
315,34,writers
316,3,sentences
317,210,readers
318,6,purpose
319,204,grade
320,9,levels
321,207,texts
322,4,liability
323,32,shortening
324,8,sentences
325,11,texts
326,20,end
327,3,cohesion
328,9,advances
329,3,needs
330,20,tool
331,5,information
332,5,visit
333,207,texts
334,11,types
335,2,cohesion
336,9,re
337,207,measures
338,403,language
339,5,text
340,206,ability
341,8,standard
342,2,readability
343,6,formulas
344,8,profile
345,203,language
346,2,cohesion
347,4,char
348,208,modules
349,59,use
350,11,lexicons
351,8,speech
352,6,corpora
353,38,representations
354,12,world
355,227,components
356,203,one
357,9,contribution
358,243,modules
359,4,one
360,232,web
361,212,facility
362,242,modules
363,32,or
364,18,modules
365,5,web
366,32,facility
367,208,questions
368,20,surveys
369,6,question
370,2,understanding
371,1,aid
372,7,or
373,27,k
374,2,p
375,39,marquis
376,26,computer
377,35,helps
378,3,dents
379,415,subject
380,204,matter
381,14,holding
382,210,natural
383,8,language
384,209,person
